ABUJA ESTATES DIRECTORY (EXTRACTED FROM REAL ESTATE PLATFORMS),,,,,
"Source Platforms: Jiji.ng, NigeriaPropertyCentre.com, PropertyPro.ng | Total Records Extracted: 51",,,,,
,,,,,
Estate Name,District / Suburb,Abuja Zone / Region,Estate Category,Market Availability,Key Features & Description
Crown Court Estate,Maitama,Phase 1 / Central,Luxury / Diplomatic,Sale & Rent,High-end gated residential estate catering to diplomatic & executive clients.
Peggy's Pointee,Maitama,Phase 1 / Central,Luxury,Rent,Premium luxury serviced apartment complex in Maitama core.
Aso Villa Estate Zone,Asokoro,Phase 1 / Central,Ultra-Luxury,Rent,High-security residential enclave near government seat.
Hall 7 Estate,Wuse / Capital Hill,Phase 1 / Central,Luxury Contemporary,Sale & Rent,Contemporary multi-phase gated development with modern amenities.
Zone 3 Executive Estate,Wuse Zone 3,Phase 1 / Central,Residential / Commercial,Sale & Rent,Central urban estate environment with terrace and detached duplex units.
Wuse II Gated Villas,Wuse II,Phase 1 / Central,Luxury Residential,Sale & Rent,Exclusive private townhouses and luxury apartments in commercial-adjacent hub.
Jabi Lakeview Estate,Jabi,Phase 1 / Central,Waterfront Luxury,Sale & Rent,High-end waterfront residential community near Jabi Lake.
Southern Bridge Estate,Jabi,Phase 1 / Central,Mid-High Luxury,Rent,Gated terrace duplex and apartment community in Jabi.
Utako Executive Enclave,Utako,Phase 1 / Central,Mixed-Use,Sale & Rent,Modern townhouses and luxury blocks of flats in central Utako.
Guzape Luxury Hill Estate,Guzape District,Phase 1 / Central,Luxury,Sale & Rent,Top-tier hill-top detached duplexes and private gated developments.
MShel Capital Villa,Guzape Main,Phase 1 / Central,High-End Residential,Sale,Exclusive estate land and luxury custom-built villa development.
Gwarinpa Main Estate (FHA),Gwarinpa,Phase 2 / West,Mixed-Income,Sale & Rent,"Largest housing estate in West Africa, extensive residential & commercial zones."
Efab Verizon Estate,Gwarinpa,Phase 2 / West,Mid-High Residential,Sale & Rent,Gated community featuring detached bungalows and duplexes off main arterial roads.
Citec Villa Estate,Gwarinpa / Mbora,Phase 2 / West,Mid-High Residential,Sale & Rent,"Established, secure family estate with organized infrastructure."
Dantata Estate,Gwarinpa,Phase 2 / West,Mid-Range Residential,Sale & Rent,Terrace duplexes and family units in central Gwarinpa axis.
Kafe Garden Estate,Gwarinpa / Kafe,Phase 2 / West,Mid-Range Residential,Sale & Rent,Dense residential enclave along the inner Gwarinpa corridor.
Unique Estate,Katampe Main,Phase 2 / North,Luxury / Modern,Sale & Rent,Modern residential enclave with high-end apartments and townhouses.
Urban Shelters Estate,Katampe Main,Phase 2 / North,Luxury Residential,Sale & Rent,Serene gated estate with custom fully detached duplexes.
Festrus Estate,Katampe Extension,Phase 2 / North,Diplomatic / Luxury,Sale & Rent,High-security luxury residential enclave on elevated Katampe terrain.
Prescient Estate,Kaura District,Phase 2 / South,Mid-Range Residential,Sale & Rent,Gated modern block of flats and terrace duplexes in Kaura.
Prince and Princess Estate,Kaura / Gudu,Phase 2 / South,Mid-Range Residential,Sale & Rent,"Massive, highly popular gated community with uniform bungalow & duplex styles."
Kukuwaba Gated Estate,Kaura,Phase 2 / South,Mid-Range Residential,Rent,Terrace duplex layout opposite major sports and recreation corridors.
Goshen Villa Estate,Mabushi,Phase 2 / Central,Mid-High Residential,Sale & Rent,"Features central water treatment, wide paved roads, and tight security."
Wuye Royal Estate,Wuye District,Phase 2 / Central,Mid-High Residential,Sale & Rent,Modern townhouses and high-density apartments with strong infrastructure.
Paradise Estate (Phases 1 & 2),Life Camp,Phase 3 / West,Mid-High Residential,Sale & Rent,"Serene, gated modern development with 4-bedroom terrace duplexes and BQs."
Uppertec Estate,Life Camp,Phase 3 / West,Mid-Range Residential,Rent,Detached duplexes and family apartment housing.
Brains & Hammers Estate,Life Camp,Phase 3 / West,Mid-High Residential,Sale & Rent,High-density residential footprint with distinct architectural designs.
Sagama Estate,Dawaki,Phase 3 / North,Mid-Range Residential,Sale & Rent,Modern block of flats and luxury terrace units in Dawaki.
Dawaki Hills Estate,Dawaki,Phase 3 / North,Mid-High Residential,Sale,Gated hilltop residential estate with smart home fully detached duplexes.
Suncity Estate,Apo District,Phase 3 / South,Mid-Range Residential,Sale & Rent,"Highly organized, secure, and paved estate modeled as a benchmark layout."
Apo Resettlement Estate,Apo District,Phase 3 / South,Mixed-Income,Sale & Rent,Large residential layout with affordable to high-end duplex upgrades.
Royal Plain Estate,Apo Zone B,Phase 3 / South,Mid-Range Residential,Rent,Gated terrace duplex community with full utility management.
Sunnyvale Homes,Dakwo District,Phase 3 / South,Mid-Range Residential,Sale & Rent,Sprawling 101-hectare estate with wide roads and detached family units.
Dakwo Estate (By Sunnyvale),Dakwo District,Phase 3 / South,Mid-Range Residential,Sale & Rent,Detached duplexes and family bungalows in quiet residential enclave.
Gaduwa Housing Estate,Gaduwa,Phase 3 / South,Mid-Range Residential,Sale & Rent,Gated civil service and private residential estate with quick city access.
Jahi Gilmore Estate Axis,Jahi,Phase 3 / North-West,Mid-High Residential,Sale & Rent,Rapidly expanding neighborhood with modern terrace and detached duplexes.
Efab Estate Lokogoma,Lokogoma District,Outer District / South,Mixed-Income,Sale & Rent,"Massive housing project with bungalows, duplexes, and active commercial centers."
C4 Grosvenor Estate,Wumba / Lokogoma,Outer District / South,Mid-Range Residential,Rent,Quiet gated layout with bungalow and townhouse housing options.
Brains & Hammers Estate,Galadimawa,Outer District / South,Mid-Range Residential,Sale & Rent,Modern gated estate featuring uniform 4-bedroom terrace duplexes.
Efab Metropolis Estate,Karsana West,Outer District / North,Mid-Range Residential,Sale & Rent,"Large-scale master-planned community with mansions, duplexes, and land plots."
Maralago Estate Resort,Karsana North,Outer District / North,Resort / High-End,Sale,Luxury estate layout offering custom build plots and terrace duplexes.
Green City Estate,Karsana / Gwagwa,Outer District / North,Affordable Residential,Rent,Rapidly developing residential community along the outer expressway corridor.
PHDL Unity Estate,Idu District,Outer District / West,Mid-Range / Federal,Sale & Rent,"Structured, gated housing estate managed for post-service & civilian housing."
Nizamiye Enclave Estate,Idu Industrial,Outer District / West,Mid-Range Residential,Sale & Rent,Modern residential estate situated near Nizamiye Hospital with crèche & gym facilities.
FHA Estate Lugbe,Lugbe District,Satellite Town / Airport Axis,Mixed-Income,Sale & Rent,"Federal Housing Authority original layout, dense residential and commercial area."
Goldmind Estate,Lugbe FHA,Satellite Town / Airport Axis,Affordable Residential,Sale,Secure residential compound featuring 3-bedroom detached bungalows.
Palm Height Estate,Lugbe District,Satellite Town / Airport Axis,Mid-Range Residential,Rent,Gated community with 4-bedroom terrace duplex listings.
Vegars Court Estate,Lugbe District,Satellite Town / Airport Axis,Mid-Range Residential,Rent,Modern apartment block community along the airport road corridor.
Flourish Estate Phase 1-3,Lugbe / Kuje,Satellite Town / Airport Axis,Affordable Land & Housing,Sale & Rent,Expansive master-plan layout offering affordable plots and build packages.
Dantata Estate Kubwa,Kubwa (FO1),Satellite Town / North-West,Mid-Range Residential,Sale & Rent,Established gated estate community in Kubwa sector F01.
City College Estate Axis,Kpeyegyi / Nyanya,Satellite Town / East,Affordable Residential,Rent,Budget-friendly residential housing layout along the Karu-Nyanya corridor.
