LAGOS ESTATES DIRECTORY (EXTRACTED FROM REAL ESTATE PLATFORMS),,,,,
"Source Platforms: Jiji.ng, NigeriaPropertyCentre.com, PropertyPro.ng | Total Records Extracted: 42",,,,,
,,,,,
Estate Name,District / Suburb,Lagos Region / Zone,Estate Category,Market Availability,Key Features & Description
Banana Island Estate,Ikoyi,Lagos Island,Ultra-Luxury,Sale & Rent,"Exclusive artificial island, top-tier security, luxury waterfront mansions and towers."
Parkview Estate,Ikoyi,Lagos Island,Ultra-Luxury,Sale & Rent,High-profile residential enclave hosting business leaders and diplomats.
Osborne Foreshore Estate (Phases 1 & 2),Ikoyi,Lagos Island,Luxury Waterfront,Sale & Rent,Gated waterfront community with high-rise luxury apartments and detached duplexes.
Victoria Garden City (VGC),Lekki (Ajah Axis),Lagos Island,Prime Residential,Sale & Rent,"Pioneer gated master-planned community with independent water treatment, parks, and top infrastructure."
Nicon Town Estate,Ikate Elegushi / Lekki,Lagos Island,Ultra-Luxury,Sale & Rent,"Highly secured, prestigious estate with world-class paved roads and underground drainage."
Chevron Drive Estates (Northern Foreshore),Chevron / Lekki,Lagos Island,Mid-High Luxury,Sale & Rent,"Well-drained, paved gated estate right along the Chevron Drive corridor."
Carlton Gate Estate,Chevron / Lekki,Lagos Island,Luxury,Sale & Rent,Exclusive gated layout with luxury custom-built detached duplexes.
Lekki Phase 1 (Right & Left Side Enclaves),Lekki Phase 1,Lagos Island,Luxury Mixed-Use,Sale & Rent,"Prime commercial and residential hub featuring luxury duplexes, terraces, and high-density apartments."
Admiralty Homes Estate,Lekki Phase 1,Lagos Island,Mid-High Luxury,Sale & Rent,Gated residential layout situated in the heart of Lekki Phase 1.
"Richmond Gate Estate (1, 2 & 3)",Ikate Elegushi,Lagos Island,Luxury Contemporary,Sale & Rent,Popular celebrity-favored estate with uniform modern architecture and central power.
Meadow Hall Estate,Ikate Elegushi,Lagos Island,Mid-High Residential,Sale & Rent,Family-friendly gated community adjacent to Meadow Hall School.
Orchid Road Estates (Ocean Bay Estate),Orchid / Lafiaji,Lagos Island,Mid-Range Residential,Sale & Rent,Established gated estate along Orchid Road with paved access and recreational parks.
Buena Vista Estate,Orchid / Lafiaji,Lagos Island,Mid-Range Residential,Sale & Rent,Modern gated estate featuring 4-bedroom terraces and semi-detached duplexes.
Governors Estate,Sangotedo / Ajah,Lagos Island,Mid-Range Residential,Sale & Rent,Quiet residential enclave near Novare Lekki Mall.
Crown Estate,Sangotedo / Ajah,Lagos Island,Mid-Range Residential,Sale & Rent,One of the oldest organized master-planned estates in the Ajah-Sangotedo corridor.
Fountain Springville Estate,Sangotedo,Lagos Island,Mid-High Residential,Sale & Rent,Well-planned gated estate with wide paved roads and continuous drainage systems.
Emperor Estate,Sangotedo,Lagos Island,Luxury,Sale & Rent,High-end luxury estate situated adjacent to the Novare Lekki Mall.
"Amen Estate (Phases 1, 2 & 3)",Ibeju-Lekki,Lagos Island / New Lagos,Luxury / Investment,Sale & Rent,"Famous red-brick architectural design, underground utilities, 24/7 electricity grid."
Lakowe Lakes Golf & Country Estate,Ibeju-Lekki,Lagos Island / New Lagos,Luxury Resort,Sale & Rent,Exclusive golf course resort estate with serene lakes and luxury country homes.
Gracefield Island,Chevy View / Lekki,Lagos Island,Luxury Reclamation,Sale,Modern smart-city island expansion project off Chevron axis.
Ikeja GRA Enclaves,Ikeja GRA,Lagos Mainland,Prime Luxury,Sale & Rent,Historical high-density luxury residential zone with colonial detached houses and modern luxury flats.
Magodo GRA Phase 1 (Isheri),Magodo / Isheri,Lagos Mainland,Mid-High Residential,Sale & Rent,"Secure, elevated residential hub overlooking the Lagos-Ibadan expressway corridor."
Magodo GRA Phase 2 (Shangisha),Magodo / Shangisha,Lagos Mainland,Prime Residential,Sale & Rent,"Highly sought-after Mainland estate with solid infrastructure, security, and prestige."
Omole Phase 1,Ojodu / Ikeja Axis,Lagos Mainland,Prime Residential,Sale & Rent,"Paved, commercial-adjacent gated estate preferred by high-net-worth Mainland residents."
Omole Phase 2,Olowora / Isheri,Lagos Mainland,Prime Residential,Sale & Rent,Serene gated community with tight security access and uniform layout.
Shonibare Estate,Maryland,Lagos Mainland,Luxury,Sale & Rent,"Ultra-secure, green residential enclave off Mobolaji Bank Anthony Way."
Ogudu GRA,Ogudu,Lagos Mainland,Prime Residential,Sale & Rent,Well-structured Mainland estate with excellent access to Third Mainland Bridge.
Gbagada Phase 1 & Phase 2,Gbagada,Lagos Mainland,Mid-Range Residential,Sale & Rent,"Central Mainland location popular for terrace units, detached houses, and flats."
Medina Estate,Ilupeju / Gbagada,Lagos Mainland,Mid-Range Residential,Sale & Rent,Established quiet residential community with easy access to Lagos Island.
Ilupeju Estate,Ilupeju,Lagos Mainland,Mixed-Use,Sale & Rent,"Colonial-style layout with spacious compounds, popular with expatriate communities."
Yaba Tech / UNILAG GRA Corridor,Yaba,Lagos Mainland,Mixed-Income,Sale & Rent,"Vibrant Tech-hub ecosystem with modern service apartments, terraces, and renovated duplexes."
Isheri North GRA,Isheri North,Lagos Mainland Boundary,Mid-Range Residential,Sale & Rent,Rapidly expanding residential layout bordering Lagos and Ogun state corridor.
Channels TV Estate Axis,Isheri North,Lagos Mainland Boundary,Mid-Range Residential,Sale & Rent,Gated residential enclaves situated around Channels TV headquarters.
Festac Town (Phases 1 & 2),Amuwo-Odofin,Lagos West,Mixed-Income,Sale & Rent,"Historic federal housing project with expansive blocks of flats, terraces, and close layout."
Diamond Estate,Amuwo-Odofin,Lagos West,Mid-Range Residential,Sale & Rent,"Gated, secure estate along Festac link road corridor."
Amuwo Odofin GRA,Amuwo-Odofin,Lagos West,Mid-High Residential,Sale & Rent,Organized layout with modern duplexes and commercial properties.
Gowon Estate,Egbeda / Alimosho,Lagos West,Affordable Residential,Sale & Rent,Large Federal Housing Authority (FHA) layout in Alimosho LGA.
Diamond Estate,Igando / Egbeda,Lagos West,Mid-Range Residential,Sale & Rent,Popular gated estate off Isheri-Ikotun road.
Peace Estate,Baruwa / Ipaja,Lagos West,Affordable Residential,Sale & Rent,Large residential community with affordable family bungalows and flats.
Cooperative Villa Estate,Badore / Ajah,Lagos Island Outer,Mid-Range Residential,Sale & Rent,Waterfront residential community in Badore with private ferry connectivity.
Peace Garden Estate,Sangotedo,Lagos Island Outer,Mid-Range Residential,Sale & Rent,Developing gated residential community behind Shoprite Sangotedo.
Mayfair Garden Estate,Awoyaya / Ibeju-Lekki,Lagos New Corridor,Mid-Range Residential,Sale & Rent,Established master-planned estate built by HFP Engineering.
